id,Month,Company id,Field,Size,Grade,Format,Country,Working,Currency,Salary in rub,Difference after probation,Salary after probation,Bonus,Max bonus,Benefits,Salary final
48,01.08.2018,1,Госы,большой,миддл,штат,Россия,офис,рубли, ₽135 000,да, ₽148 500,нет,,есть, ₽135 000
49,01.08.2018,1,Госы,большой,сеньор,штат,Россия,офис,рубли, ₽170 000,да, ₽187 000,нет,,есть, ₽170 000
50,01.08.2018,1,Госы,большой,тимлид,штат,Россия,офис,рубли, ₽250 000,да, ₽275 000,нет,,есть, ₽250 000
51,01.08.2018,1,Госы,большой,миддл,штат,Россия,офис,рубли, ₽140 000,да, ₽154 000,нет,,есть, ₽140 000
52,01.08.2018,1,Госы,большой,миддл,штат,Россия,офис,рубли, ₽135 000,да, ₽148 500,нет,,есть, ₽135 000
53,01.08.2018,1,Госы,большой,миддл,штат,Россия,офис,рубли, ₽135 000,да, ₽148 500,нет,,есть, ₽135 000
54,01.08.2018,1,Госы,большой,сеньор,штат,Россия,офис,рубли, ₽175 000,да, ₽192 500,нет,,есть, ₽175 000
125,01.08.2018,2,Госы,Маленький,сеньор,штат,Россия,офис,рубли, ₽150 000,да, ₽157 500,нет," ₽360 000,00",есть, ₽150 000
214,01.08.2018,3,Екомм,большой,миддл,штат,Россия,офис,рубли, ₽170 000,нет,,нет,,есть, ₽170 000
215,01.08.2018,3,Екомм,большой,миддл,штат,Россия,офис,рубли, ₽150 000,нет,,нет,,есть, ₽150 000
216,01.08.2018,3,Екомм,большой,миддл,штат,Россия,офис,рубли, ₽155 000,нет,,нет,,есть, ₽155 000
217,01.08.2018,3,Екомм,большой,сеньор,штат,Россия,офис,рубли, ₽240 000,нет,,нет,,есть, ₽240 000
218,01.08.2018,3,Екомм,большой,миддл,штат,Россия,офис,рубли, ₽150 000,нет,,нет,,есть, ₽150 000
219,01.08.2018,3,Екомм,большой,сеньор,штат,Россия,офис,рубли, ₽220 000,нет,,нет,,есть, ₽220 000
220,01.08.2018,3,Екомм,большой,тимлид,штат,Россия,офис,рубли, ₽370 000,нет,,да," ₽1 110 000,00",есть, ₽370 000
221,01.08.2018,3,Екомм,большой,миддл,штат,Россия,офис,рубли, ₽155 000,нет,,нет,,есть, ₽155 000
222,01.08.2018,3,Екомм,большой,миддл,штат,Россия,офис,рубли, ₽150 000,нет,,нет,,есть, ₽150 000
223,01.08.2018,3,Екомм,большой,миддл,штат,Россия,офис,рубли, ₽160 000,нет,,нет,,есть, ₽160 000
224,01.08.2018,3,Екомм,большой,сеньор,штат,Россия,офис,рубли, ₽230 000,нет,,нет,,есть, ₽230 000
225,01.08.2018,3,Екомм,большой,миддл,штат,Россия,офис,рубли, ₽150 000,нет,,нет,,есть, ₽150 000
360,01.08.2018,4,Екомм,средний,сеньор,штат,Россия,удалёнка,рубли, ₽250 000,нет,,нет,,есть, ₽187 500
361,01.08.2018,4,Екомм,средний,миддл,штат,Россия,удалёнка,рубли, ₽150 000,нет,,нет,,есть, ₽112 500
362,01.08.2018,4,Екомм,средний,миддл,штат,Россия,гибрид,рубли, ₽155 000,нет,,нет,,есть, ₽155 000
363,01.08.2018,4,Екомм,средний,миддл,штат,Россия,гибрид,рубли, ₽160 000,нет,,нет,,есть, ₽160 000
364,01.08.2018,4,Екомм,средний,джун,штат,Россия,гибрид,рубли, ₽95 000,нет,,нет,,есть, ₽95 000
365,01.08.2018,4,Екомм,средний,миддл,штат,Россия,гибрид,рубли, ₽170 000,нет,,нет,,есть, ₽170 000
366,01.08.2018,4,Екомм,средний,миддл,ГПХ,Россия,гибрид,рубли, ₽150 000,нет,,нет,,нет, ₽112 500
367,01.08.2018,4,Екомм,средний,сеньор,ГПХ,Россия,гибрид,рубли, ₽245 000,нет,,нет,,нет, ₽196 000
368,01.08.2018,4,Екомм,средний,миддл,ГПХ,Россия,удалёнка,рубли, ₽155 000,нет,,нет,,нет, ₽116 250
369,01.08.2018,4,Екомм,средний,сеньор,штат,Россия,удалёнка,рубли, ₽265 000,нет,,нет,,есть, ₽198 750
370,01.08.2018,4,Екомм,средний,тимлид,штат,Россия,гибрид,рубли, ₽350 000,нет,,да," ₽875 000,00",есть, ₽350 000
371,01.08.2018,4,Екомм,средний,миддл,штат,Россия,гибрид,рубли, ₽160 000,нет,,нет,,есть, ₽160 000
372,01.08.2018,4,Екомм,средний,миддл,штат,Россия,гибрид,рубли, ₽170 000,нет,,нет,,есть, ₽170 000
373,01.08.2018,4,Екомм,средний,миддл,штат,Россия,гибрид,рубли, ₽150 000,нет,,нет,,есть, ₽150 000
374,01.08.2018,4,Екомм,средний,сеньор,штат,Россия,гибрид,рубли, ₽250 000,нет,,нет,,есть, ₽250 000
426,01.08.2018,5,Екомм,маленький,миддл,штат,Россия,удалёнка,рубли, ₽150 000,нет,,нет,,есть, ₽105 000
427,01.08.2018,5,Екомм,маленький,миддл,штат,Россия,удалёнка,рубли, ₽155 000,нет,,нет,,есть, ₽108 500
485,01.08.2018,8,AI,маленький,миддл,штат,Кипр,удалёнка,евро, ₽255 000,нет,,нет,,есть, ₽178 500
486,01.08.2018,8,AI,маленький,миддл,штат,Кипр,удалёнка,евро, ₽250 000,нет,,нет,,есть, ₽175 000
487,01.08.2018,8,AI,маленький,миддл,штат,Кипр,удалёнка,евро, ₽245 000,нет,,нет,,есть, ₽198 450
503,01.08.2018,9,Dating,Средний,сеньор,штат,Армения,Офис,Драмы, ₽200 000,нет,,нет,,есть, ₽200 000
504,01.08.2018,9,Dating,Средний,джун,штат,Армения,Офис,Драмы, ₽95 000,нет,,нет,,есть, ₽95 000
505,01.08.2018,9,Dating,Средний,джун,штат,Армения,Офис,Драмы, ₽95 000,нет,,нет,,есть, ₽95 000
506,01.08.2018,9,Dating,Средний,миддл,штат,Армения,Офис,Драмы, ₽95 000,нет,,нет,,есть, ₽95 000
507,01.08.2018,9,Dating,Средний,миддл,штат,Армения,Офис,Драмы, ₽110 000,нет,,нет,,есть, ₽110 000
535,01.08.2018,10,Dating,Средний,джун,ГПХ,Россия,Гибрид,рубли, ₽95 000,нет,,нет,,нет, ₽76 000
24,01.04.2018,1,Госы,большой,миддл,штат,Россия,офис,рубли, ₽120 000,да, ₽132 000,нет,,есть, ₽120 000
25,01.04.2018,1,Госы,большой,миддл,штат,Россия,офис,рубли, ₽120 000,да, ₽132 000,нет,,есть, ₽120 000
26,01.04.2018,1,Госы,большой,миддл,штат,Россия,офис,рубли, ₽125 000,да, ₽137 500,нет,,есть, ₽125 000
27,01.04.2018,1,Госы,большой,миддл,штат,Россия,офис,рубли, ₽125 000,да, ₽137 500,нет,,есть, ₽125 000
28,01.04.2018,1,Госы,большой,миддл,штат,Россия,офис,рубли, ₽125 000,да, ₽137 500,нет,,есть, ₽125 000
29,01.04.2018,1,Госы,большой,сеньор,штат,Россия,офис,рубли, ₽190 000,да, ₽209 000,нет,,есть, ₽190 000
30,01.04.2018,1,Госы,большой,миддл,штат,Россия,офис,рубли, ₽130 000,да, ₽143 000,нет,,есть, ₽130 000
31,01.04.2018,1,Госы,большой,сеньор,штат,Россия,офис,рубли, ₽170 000,да, ₽187 000,нет,,есть, ₽170 000
32,01.04.2018,1,Госы,большой,тимлид,штат,Россия,офис,рубли, ₽250 000,да, ₽275 000,нет,,есть, ₽250 000
33,01.04.2018,1,Госы,большой,миддл,штат,Россия,офис,рубли, ₽130 000,да, ₽143 000,нет,,есть, ₽130 000
34,01.04.2018,1,Госы,большой,миддл,штат,Россия,офис,рубли, ₽130 000,да, ₽143 000,нет,,есть, ₽130 000
35,01.04.2018,1,Госы,большой,миддл,штат,Россия,офис,рубли, ₽130 000,да, ₽143 000,нет,,есть, ₽130 000
36,01.04.2018,1,Госы,большой,сеньор,штат,Россия,офис,рубли, ₽150 000,да, ₽165 000,нет,,есть, ₽150 000
113,01.04.2018,2,Госы,Маленький,миддл,штат,Россия,офис,рубли, ₽125 000,да, ₽128 750,нет,,есть, ₽125 000
114,01.04.2018,2,Госы,Маленький,сеньор,штат,Россия,офис,рубли, ₽155 000,да, ₽159 650,нет,,есть, ₽155 000
115,01.04.2018,2,Госы,Маленький,миддл,штат,Россия,офис,рубли, ₽130 000,да, ₽133 900,нет,,есть, ₽130 000
116,01.04.2018,2,Госы,Маленький,миддл,штат,Россия,офис,рубли, ₽120 000,да, ₽123 600,нет,,есть, ₽120 000
117,01.04.2018,2,Госы,Маленький,миддл,штат,Россия,офис,рубли, ₽125 000,да, ₽128 750,нет,,есть, ₽125 000
118,01.04.2018,2,Госы,Маленький,миддл,штат,Россия,офис,рубли, ₽125 000,да, ₽128 750,нет,,есть, ₽125 000
119,01.04.2018,2,Госы,Маленький,тимлид,штат,Россия,офис,рубли, ₽270 000,да, ₽283 500,нет,,есть, ₽270 000
120,01.04.2018,2,Госы,Маленький,джун,штат,Россия,офис,рубли, ₽50 000,да, ₽52 500,нет,,есть, ₽50 000
188,01.04.2018,3,Екомм,большой,миддл,штат,Россия,офис,рубли, ₽150 000,нет,,нет,,есть, ₽150 000
189,01.04.2018,3,Екомм,большой,миддл,штат,Россия,офис,рубли, ₽155 000,нет,,нет,,есть, ₽155 000
190,01.04.2018,3,Екомм,большой,миддл,штат,Россия,офис,рубли, ₽170 000,нет,,нет,,есть, ₽170 000
191,01.04.2018,3,Екомм,большой,миддл,штат,Россия,офис,рубли, ₽150 000,нет,,нет,,есть, ₽150 000
192,01.04.2018,3,Екомм,большой,миддл,штат,Россия,офис,рубли, ₽155 000,нет,,нет,,есть, ₽155 000
193,01.04.2018,3,Екомм,большой,миддл,штат,Россия,офис,рубли, ₽150 000,нет,,нет,,есть, ₽150 000
194,01.04.2018,3,Екомм,большой,миддл,штат,Россия,офис,рубли, ₽155 000,нет,,нет,,есть, ₽155 000
195,01.04.2018,3,Екомм,большой,миддл,штат,Россия,офис,рубли, ₽150 000,нет,,нет,,есть, ₽150 000
321,01.04.2018,4,Екомм,средний,джун,штат,Россия,гибрид,рубли, ₽90 000,нет,,нет,,есть, ₽90 000
322,01.04.2018,4,Екомм,средний,миддл,штат,Россия,гибрид,рубли, ₽150 000,нет,,нет,,есть, ₽150 000
323,01.04.2018,4,Екомм,средний,миддл,штат,Россия,гибрид,рубли, ₽155 000,нет,,нет,,есть, ₽155 000
324,01.04.2018,4,Екомм,средний,миддл,штат,Россия,удалёнка,рубли, ₽160 000,нет,,нет,,есть, ₽120 000
325,01.04.2018,4,Екомм,средний,миддл,штат,Россия,удалёнка,рубли, ₽170 000,нет,,нет,,есть, ₽127 500
326,01.04.2018,4,Екомм,средний,миддл,штат,Россия,гибрид,рубли, ₽150 000,нет,,нет,,есть, ₽150 000
327,01.04.2018,4,Екомм,средний,сеньор,штат,Россия,гибрид,рубли, ₽250 000,нет,,нет,,есть, ₽250 000
328,01.04.2018,4,Екомм,средний,миддл,штат,Россия,гибрид,рубли, ₽155 000,нет,,нет,,есть, ₽155 000
329,01.04.2018,4,Екомм,средний,сеньор,штат,Россия,гибрид,рубли, ₽245 000,нет,,нет,,есть, ₽245 000
330,01.04.2018,4,Екомм,средний,тимлид,штат,Россия,гибрид,рубли, ₽320 000,нет,,да," ₽800 000,00",есть, ₽320 000
331,01.04.2018,4,Екомм,средний,миддл,штат,Россия,гибрид,рубли, ₽160 000,нет,,нет,,есть, ₽160 000
332,01.04.2018,4,Екомм,средний,миддл,самозанятый,Россия,удалёнка,рубли, ₽170 000,нет,,нет,,нет, ₽127 500
333,01.04.2018,4,Екомм,средний,миддл,Самозанятый,Россия,удалёнка,рубли, ₽160 000,нет,,нет,,нет, ₽120 000
334,01.04.2018,4,Екомм,средний,сеньор,ГПХ,Россия,гибрид,рубли, ₽250 000,нет,,нет,,нет, ₽200 000
335,01.04.2018,4,Екомм,средний,миддл,ГПХ,Россия,гибрид,рубли, ₽170 000,нет,,нет,,нет, ₽136 000
336,01.04.2018,4,Екомм,средний,миддл,штат,Россия,гибрид,рубли, ₽150 000,нет,,нет,,есть, ₽150 000
337,01.04.2018,4,Екомм,средний,миддл,штат,Россия,гибрид,рубли, ₽155 000,нет,,нет,,есть, ₽155 000
338,01.04.2018,4,Екомм,средний,джун,штат,Россия,гибрид,рубли, ₽90 000,нет,,нет,,есть, ₽90 000
339,01.04.2018,4,Екомм,средний,миддл,штат,Россия,гибрид,рубли, ₽160 000,нет,,нет,,есть, ₽160 000
340,01.04.2018,4,Екомм,средний,миддл,штат,Россия,гибрид,рубли, ₽170 000,нет,,нет,,есть, ₽170 000
423,01.04.2018,5,Екомм,маленький,миддл,штат,Россия,гибрид,рубли, ₽150 000,нет,,нет,,есть, ₽150 000
455,01.04.2018,7,AI,большой,сеньор,штат,Кипр,Гибрид,евро, ₽320 000,нет,,нет," ₽960 000,00",есть, ₽320 000
456,01.04.2018,7,AI,большой,миддл,штат,Кипр,Гибрид,евро, ₽250 000,нет,,нет,,есть, ₽250 000
457,01.04.2018,7,AI,большой,сеньор,штат,Кипр,Гибрид,евро, ₽320 000,нет,,нет," ₽960 000,00",есть, ₽320 000
458,01.04.2018,7,AI,большой,тимлид,штат,Кипр,Гибрид,евро, ₽400 000,нет,,да," ₽1 600 000,00",есть, ₽400 000
459,01.04.2018,7,AI,большой,миддл,штат,Кипр,Гибрид,евро, ₽245 000,нет,,нет,,есть, ₽245 000
460,01.04.2018,7,AI,большой,миддл,штат,Кипр,Гибрид,евро, ₽225 000,нет,,нет,,есть, ₽225 000
461,01.04.2018,7,AI,большой,миддл,штат,Кипр,Гибрид,евро, ₽230 000,нет,,нет,,есть, ₽230 000
462,01.04.2018,7,AI,большой,сеньор,штат,Кипр,Гибрид,евро, ₽350 000,нет,,нет," ₽1 050 000,00",есть, ₽350 000
526,01.04.2018,10,Dating,Средний,сеньор,штат,Россия,Гибрид,рубли, ₽175 000,нет,,нет,,есть, ₽175 000
527,01.04.2018,10,Dating,Средний,миддл,штат,Россия,Гибрид,рубли, ₽210 000,нет,,нет,,есть, ₽210 000
528,01.04.2018,10,Dating,Средний,миддл,штат,Россия,Гибрид,рубли, ₽195 000,нет,,нет,,есть, ₽195 000
529,01.04.2018,10,Dating,Средний,миддл,штат,Россия,Гибрид,рубли, ₽200 000,нет,,нет,,есть, ₽200 000
95,01.12.2018,1,Госы,большой,сеньор,штат,Россия,офис,рубли, ₽190 000,да, ₽218 500,нет,,есть, ₽190 000
96,01.12.2018,1,Госы,большой,миддл,штат,Россия,офис,рубли, ₽135 000,да, ₽155 250,нет,,есть, ₽135 000
97,01.12.2018,1,Госы,большой,миддл,штат,Россия,офис,рубли, ₽135 000,да, ₽155 250,нет,,есть, ₽135 000
98,01.12.2018,1,Госы,большой,миддл,штат,Россия,офис,рубли, ₽120 000,да, ₽138 000,нет,,есть, ₽120 000
149,01.12.2018,2,Госы,Маленький,миддл,штат,Россия,офис,рубли, ₽150 000,да, ₽157 500,нет,,есть, ₽150 000
150,01.12.2018,2,Госы,Маленький,миддл,штат,Россия,офис,рубли, ₽155 000,да, ₽162 750,нет,,есть, ₽155 000
286,01.12.2018,3,Екомм,большой,миддл,штат,Россия,гибрид,рубли, ₽190 000,нет,,нет,,есть, ₽190 000
287,01.12.2018,3,Екомм,большой,сеньор,штат,Россия,гибрид,рубли, ₽220 000,нет,,да," ₽550 000,00",есть, ₽220 000
288,01.12.2018,3,Екомм,большой,миддл,штат,Россия,гибрид,рубли, ₽175 000,нет,,нет,,есть, ₽175 000
289,01.12.2018,3,Екомм,большой,миддл,штат,Россия,гибрид,рубли, ₽150 000,нет,,нет,,есть, ₽150 000
412,01.12.2018,4,Екомм,средний,миддл,ГПХ,Россия,гибрид,рубли, ₽165 000,нет,,нет,,нет, ₽140 250
413,01.12.2018,4,Екомм,средний,миддл,ГПХ,Россия,гибрид,рубли, ₽160 000,нет,,нет,,нет, ₽136 000
414,01.12.2018,4,Екомм,средний,джун,ГПХ,Россия,гибрид,рубли, ₽100 000,нет,,нет,,нет, ₽85 000
415,01.12.2018,4,Екомм,средний,джун,ГПХ,Россия,гибрид,рубли, ₽100 000,нет,,нет,,нет, ₽85 000
520,01.12.2018,9,Dating,Средний,миддл,штат,Армения,Офис,Драмы, ₽110 000,нет,,нет,,есть, ₽110 000
548,01.12.2018,10,Dating,Средний,сеньор,самозанятый,Россия,Гибрид,рубли, ₽150 000,нет,,нет,,нет, ₽120 000
42,01.07.2018,1,Госы,большой,миддл,штат,Россия,офис,рубли, ₽130 000,да, ₽143 000,нет,,есть, ₽130 000
43,01.07.2018,1,Госы,большой,миддл,штат,Россия,офис,рубли, ₽140 000,да, ₽154 000,нет,,есть, ₽140 000
44,01.07.2018,1,Госы,большой,миддл,штат,Россия,офис,рубли, ₽140 000,да, ₽154 000,нет,,есть, ₽140 000
45,01.07.2018,1,Госы,большой,миддл,штат,Россия,офис,рубли, ₽135 000,да, ₽148 500,нет,,есть, ₽135 000
46,01.07.2018,1,Госы,большой,миддл,штат,Россия,офис,рубли, ₽140 000,да, ₽154 000,нет,,есть, ₽140 000
47,01.07.2018,1,Госы,большой,сеньор,штат,Россия,офис,рубли, ₽185 000,да, ₽203 500,нет,,есть, ₽185 000
124,01.07.2018,2,Госы,Маленький,миддл,штат,Россия,офис,рубли, ₽120 000,да, ₽126 000,нет,,есть, ₽120 000
207,01.07.2018,3,Екомм,большой,джун,штат,Россия,офис,рубли, ₽95 000,нет,,нет,,есть, ₽95 000
208,01.07.2018,3,Екомм,большой,джун,штат,Россия,офис,рубли, ₽95 000,нет,,нет,,есть, ₽95 000
209,01.07.2018,3,Екомм,большой,миддл,штат,Россия,офис,рубли, ₽155 000,нет,,нет,,есть, ₽155 000
210,01.07.2018,3,Екомм,большой,миддл,штат,Россия,офис,рубли, ₽150 000,нет,,нет,,есть, ₽150 000
211,01.07.2018,3,Екомм,большой,миддл,штат,Россия,офис,рубли, ₽160 000,нет,,нет,,есть, ₽160 000
212,01.07.2018,3,Екомм,большой,миддл,штат,Россия,офис,рубли, ₽150 000,нет,,нет,,есть, ₽150 000
213,01.07.2018,3,Екомм,большой,миддл,штат,Россия,офис,рубли, ₽155 000,нет,,нет,,есть, ₽155 000
352,01.07.2018,4,Екомм,средний,миддл,штат,Россия,гибрид,рубли, ₽170 000,нет,,нет,,есть, ₽170 000
353,01.07.2018,4,Екомм,средний,сеньор,штат,Россия,гибрид,рубли, ₽245 000,нет,,нет,,есть, ₽245 000
354,01.07.2018,4,Екомм,средний,миддл,штат,Россия,гибрид,рубли, ₽150 000,нет,,нет,,есть, ₽150 000
355,01.07.2018,4,Екомм,средний,сеньор,штат,Россия,гибрид,рубли, ₽250 000,нет,,нет,,есть, ₽250 000
356,01.07.2018,4,Екомм,средний,тимлид,ИП,Армения,гибрид,рубли, ₽300 000,нет,,да," ₽750 000,00",нет, ₽225 000
357,01.07.2018,4,Екомм,средний,миддл,штат,Россия,гибрид,рубли, ₽155 000,нет,,нет,,есть, ₽155 000
358,01.07.2018,4,Екомм,средний,миддл,штат,Россия,гибрид,рубли, ₽160 000,нет,,нет,,есть, ₽160 000
359,01.07.2018,4,Екомм,средний,миддл,штат,Россия,гибрид,рубли, ₽170 000,нет,,нет,,есть, ₽170 000
425,01.07.2018,5,Екомм,маленький,миддл,штат,Россия,гибрид,рубли, ₽145 000,нет,,нет,,есть, ₽145 000
434,01.07.2018,6,AI,маленький,миддл,ИП,Сербия,удалёнка,криптовалююта, ₽185 000,нет,,нет,,нет, ₽131 350
435,01.07.2018,6,AI,маленький,миддл,ИП,Сербия,удалёнка,криптовалююта, ₽190 000,нет,,нет,,нет, ₽134 900
436,01.07.2018,6,AI,маленький,миддл,ИП,Сербия,удалёнка,криптовалююта, ₽190 000,нет,,нет,,нет, ₽138 700
532,01.07.2018,10,Dating,Средний,миддл,штат,Россия,Гибрид,рубли, ₽190 000,нет,,нет,,есть, ₽190 000
533,01.07.2018,10,Dating,Средний,миддл,штат,Россия,Гибрид,рубли, ₽200 000,нет,,нет,,есть, ₽200 000
534,01.07.2018,10,Dating,Средний,сеньор,ГПХ,Россия,Гибрид,рубли, ₽150 000,нет,,нет,,нет, ₽120 000
39,01.06.2018,1,Госы,большой,миддл,штат,Россия,офис,рубли, ₽130 000,да, ₽143 000,нет,,есть, ₽130 000
40,01.06.2018,1,Госы,большой,джун,штат,Россия,офис,рубли, ₽65 000,да, ₽71 500,нет,,есть, ₽65 000
41,01.06.2018,1,Госы,большой,джун,штат,Россия,офис,рубли, ₽68 000,да, ₽74 800,нет,,есть, ₽68 000
121,01.06.2018,2,Госы,Маленький,джун,штат,Россия,офис,рубли, ₽60 000,да, ₽63 000,нет,,есть, ₽60 000
122,01.06.2018,2,Госы,Маленький,джун,штат,Россия,офис,рубли, ₽60 000,да, ₽63 000,нет,,есть, ₽60 000
123,01.06.2018,2,Госы,Маленький,миддл,штат,Россия,офис,рубли, ₽130 000,да, ₽136 500,нет,,есть, ₽130 000
203,01.06.2018,3,Екомм,большой,сеньор,штат,Россия,офис,рубли, ₽235 000,нет,,нет,,есть, ₽235 000
204,01.06.2018,3,Екомм,большой,миддл,штат,Россия,офис,рубли, ₽150 000,нет,,нет,,есть, ₽150 000
205,01.06.2018,3,Екомм,большой,миддл,штат,Россия,офис,рубли, ₽155 000,нет,,нет,,есть, ₽155 000
206,01.06.2018,3,Екомм,большой,миддл,штат,Россия,офис,рубли, ₽150 000,нет,,нет,,есть, ₽150 000
347,01.06.2018,4,Екомм,средний,джун,штат,Россия,гибрид,рубли, ₽90 000,нет,,нет,,есть, ₽90 000
348,01.06.2018,4,Екомм,средний,миддл,ИП,Армения,гибрид,рубли, ₽130 000,нет,,нет,,нет, ₽97 500
349,01.06.2018,4,Екомм,средний,миддл,ИП,Армения,гибрид,рубли, ₽130 000,нет,,нет,,нет, ₽97 500
350,01.06.2018,4,Екомм,средний,миддл,ИП,Армения,удалёнка,рубли, ₽125 000,нет,,нет,,нет, ₽93 750
351,01.06.2018,4,Екомм,средний,миддл,штат,Россия,удалёнка,рубли, ₽160 000,нет,,нет,,есть, ₽120 000
531,01.06.2018,10,Dating,Средний,миддл,штат,Россия,Гибрид,рубли, ₽210 000,нет,,нет,,есть, ₽210 000
37,01.05.2018,1,Госы,большой,миддл,штат,Россия,офис,рубли, ₽130 000,да, ₽143 000,нет,,есть, ₽130 000
38,01.05.2018,1,Госы,большой,миддл,штат,Россия,офис,рубли, ₽130 000,да, ₽143 000,нет,,есть, ₽130 000
196,01.05.2018,3,Екомм,большой,сеньор,штат,Россия,офис,рубли, ₽240 000,нет,,нет,,есть, ₽240 000
197,01.05.2018,3,Екомм,большой,миддл,штат,Россия,офис,рубли, ₽160 000,нет,,нет,,есть, ₽160 000
198,01.05.2018,3,Екомм,большой,сеньор,штат,Россия,офис,рубли, ₽250 000,нет,,нет,,есть, ₽250 000
199,01.05.2018,3,Екомм,большой,тимлид,штат,Россия,офис,рубли, ₽350 000,нет,,да," ₽1 050 000,00",есть, ₽350 000
200,01.05.2018,3,Екомм,большой,миддл,штат,Россия,офис,рубли, ₽150 000,нет,,нет,,есть, ₽150 000
201,01.05.2018,3,Екомм,большой,миддл,штат,Россия,офис,рубли, ₽155 000,нет,,нет,,есть, ₽155 000
202,01.05.2018,3,Екомм,большой,миддл,штат,Россия,офис,рубли, ₽170 000,нет,,нет,,есть, ₽170 000
341,01.05.2018,4,Екомм,средний,миддл,штат,Россия,гибрид,рубли, ₽150 000,нет,,нет,,есть, ₽150 000
342,01.05.2018,4,Екомм,средний,сеньор,Самозанятый,Россия,удалёнка,рубли, ₽250 000,нет,,нет,,нет, ₽187 500
343,01.05.2018,4,Екомм,средний,миддл,Самозанятый,Россия,удалёнка,рубли, ₽155 000,нет,,нет,,нет, ₽116 250
344,01.05.2018,4,Екомм,средний,миддл,Самозанятый,Россия,гибрид,рубли, ₽160 000,нет,,нет,,нет, ₽128 000
345,01.05.2018,4,Екомм,средний,миддл,Самозанятый,Россия,гибрид,рубли, ₽170 000,нет,,нет,,нет, ₽136 000
346,01.05.2018,4,Екомм,средний,джун,Самозанятый,Россия,гибрид,рубли, ₽90 000,нет,,нет,,нет, ₽72 000
424,01.05.2018,5,Екомм,маленький,миддл,штат,Россия,гибрид,рубли, ₽155 000,нет,,нет,,есть, ₽155 000
463,01.05.2018,7,AI,большой,миддл,штат,Кипр,Гибрид,евро, ₽240 000,нет,,нет,,есть, ₽240 000
464,01.05.2018,7,AI,большой,миддл,штат,Кипр,Гибрид,евро, ₽250 000,нет,,нет,,есть, ₽250 000
465,01.05.2018,7,AI,большой,миддл,штат,Кипр,Гибрид,евро, ₽245 000,нет,,нет,,есть, ₽245 000
466,01.05.2018,7,AI,большой,джун,штат,Кипр,Гибрид,евро, ₽95 000,нет,,нет,,есть, ₽95 000
500,01.05.2018,9,Dating,Средний,миддл,штат,Армения,Офис,Драмы, ₽95 000,нет,,нет,,есть, ₽95 000
501,01.05.2018,9,Dating,Средний,миддл,штат,Армения,Офис,Драмы, ₽100 000,нет,,нет,,есть, ₽100 000
502,01.05.2018,9,Dating,Средний,миддл,штат,Армения,Офис,Драмы, ₽100 000,нет,,нет,,есть, ₽100 000
530,01.05.2018,10,Dating,Средний,джун,штат,Россия,Гибрид,рубли, ₽95 000,нет,,нет,,есть, ₽95 000
14,01.03.2018,1,Госы,большой,тимлид,штат,Россия,офис,рубли, ₽250 000,да, ₽275 000,нет,,есть, ₽250 000
15,01.03.2018,1,Госы,большой,миддл,штат,Россия,офис,рубли, ₽120 000,да, ₽132 000,нет,,есть, ₽120 000
16,01.03.2018,1,Госы,большой,миддл,штат,Россия,офис,рубли, ₽120 000,да, ₽132 000,нет,,есть, ₽120 000
17,01.03.2018,1,Госы,большой,миддл,штат,Россия,офис,рубли, ₽120 000,да, ₽132 000,нет,,есть, ₽120 000
18,01.03.2018,1,Госы,большой,сеньор,штат,Россия,офис,рубли, ₽170 000,да, ₽187 000,нет,,есть, ₽170 000
19,01.03.2018,1,Госы,большой,миддл,штат,Россия,офис,рубли, ₽120 000,да, ₽132 000,нет,,есть, ₽120 000
20,01.03.2018,1,Госы,большой,миддл,штат,Россия,офис,рубли, ₽120 000,да, ₽132 000,нет,,есть, ₽120 000
21,01.03.2018,1,Госы,большой,миддл,штат,Россия,офис,рубли, ₽120 000,да, ₽132 000,нет,,есть, ₽120 000
22,01.03.2018,1,Госы,большой,джун,штат,Россия,офис,рубли, ₽65 000,да, ₽71 500,нет,,есть, ₽65 000
23,01.03.2018,1,Госы,большой,джун,штат,Россия,офис,рубли, ₽65 000,да, ₽71 500,нет,,есть, ₽65 000
107,01.03.2018,2,Госы,Маленький,миддл,штат,Россия,офис,рубли, ₽125 000,да, ₽128 750,нет,,есть, ₽125 000
108,01.03.2018,2,Госы,Маленький,миддл,штат,Россия,офис,рубли, ₽125 000,да, ₽128 750,нет,,есть, ₽125 000
109,01.03.2018,2,Госы,Маленький,миддл,штат,Россия,офис,рубли, ₽130 000,да, ₽133 900,нет,,есть, ₽130 000
110,01.03.2018,2,Госы,Маленький,миддл,штат,Россия,офис,рубли, ₽120 000,да, ₽123 600,нет,,есть, ₽120 000
111,01.03.2018,2,Госы,Маленький,сеньор,штат,Россия,офис,рубли, ₽150 000,да, ₽154 500,нет,,есть, ₽150 000
112,01.03.2018,2,Госы,Маленький,миддл,штат,Россия,офис,рубли, ₽125 000,да, ₽128 750,нет,,есть, ₽125 000
171,01.03.2018,3,Екомм,большой,миддл,штат,Россия,офис,рубли, ₽150 000,нет,,нет,,есть, ₽150 000
172,01.03.2018,3,Екомм,большой,миддл,штат,Россия,офис,рубли, ₽160 000,нет,,нет,,есть, ₽160 000
173,01.03.2018,3,Екомм,большой,миддл,штат,Россия,офис,рубли, ₽150 000,нет,,нет,,есть, ₽150 000
174,01.03.2018,3,Екомм,большой,миддл,штат,Россия,офис,рубли, ₽155 000,нет,,нет,,есть, ₽155 000
175,01.03.2018,3,Екомм,большой,сеньор,штат,Россия,офис,рубли, ₽240 000,нет,,нет,,есть, ₽240 000
176,01.03.2018,3,Екомм,большой,миддл,штат,Россия,офис,рубли, ₽170 000,нет,,нет,,есть, ₽170 000
177,01.03.2018,3,Екомм,большой,сеньор,штат,Россия,офис,рубли, ₽220 000,нет,,нет,,есть, ₽220 000
178,01.03.2018,3,Екомм,большой,тимлид,штат,Россия,офис,рубли, ₽350 000,нет,,да," ₽1 050 000,00",есть, ₽350 000
179,01.03.2018,3,Екомм,большой,миддл,штат,Россия,офис,рубли, ₽150 000,нет,,нет,,есть, ₽150 000
180,01.03.2018,3,Екомм,большой,миддл,штат,Россия,офис,рубли, ₽155 000,нет,,нет,,есть, ₽155 000
181,01.03.2018,3,Екомм,большой,миддл,штат,Россия,офис,рубли, ₽150 000,нет,,нет,,есть, ₽150 000
182,01.03.2018,3,Екомм,большой,сеньор,штат,Россия,офис,рубли, ₽230 000,нет,,нет,,есть, ₽230 000
183,01.03.2018,3,Екомм,большой,миддл,штат,Россия,офис,рубли, ₽155 000,нет,,нет,,есть, ₽155 000
184,01.03.2018,3,Екомм,большой,миддл,штат,Россия,офис,рубли, ₽150 000,нет,,нет,,есть, ₽150 000
185,01.03.2018,3,Екомм,большой,миддл,штат,Россия,офис,рубли, ₽160 000,нет,,нет,,есть, ₽160 000
186,01.03.2018,3,Екомм,большой,джун,штат,Россия,офис,рубли, ₽90 000,нет,,нет,,есть, ₽90 000
187,01.03.2018,3,Екомм,большой,джун,штат,Россия,офис,рубли, ₽90 000,нет,,нет,,есть, ₽90 000
306,01.03.2018,4,Екомм,средний,миддл,штат,Россия,удалёнка,рубли, ₽170 000,нет,,нет,,есть, ₽127 500
307,01.03.2018,4,Екомм,средний,миддл,штат,Россия,удалёнка,рубли, ₽150 000,нет,,нет,,есть, ₽112 500
308,01.03.2018,4,Екомм,средний,миддл,ГПХ,Россия,удалёнка,рубли, ₽155 000,нет,,нет,,нет, ₽116 250
309,01.03.2018,4,Екомм,средний,джун,ГПХ,Россия,удалёнка,рубли, ₽90 000,нет,,нет,,нет, ₽67 500
310,01.03.2018,4,Екомм,средний,джун,ГПХ,Россия,удалёнка,рубли, ₽90 000,нет,,нет,,нет, ₽67 500
311,01.03.2018,4,Екомм,средний,миддл,ГПХ,Россия,удалёнка,рубли, ₽160 000,нет,,нет,,нет, ₽120 000
312,01.03.2018,4,Екомм,средний,миддл,ГПХ,Россия,гибрид,рубли, ₽170 000,нет,,нет,,нет, ₽136 000
313,01.03.2018,4,Екомм,средний,миддл,штат,Россия,гибрид,рубли, ₽160 000,нет,,нет,,есть, ₽160 000
314,01.03.2018,4,Екомм,средний,миддл,штат,Россия,гибрид,рубли, ₽170 000,нет,,нет,,есть, ₽170 000
315,01.03.2018,4,Екомм,средний,миддл,штат,Россия,удалёнка,рубли, ₽150 000,нет,,нет,,есть, ₽112 500
316,01.03.2018,4,Екомм,средний,сеньор,штат,Россия,удалёнка,рубли, ₽250 000,нет,,нет,,есть, ₽187 500
317,01.03.2018,4,Екомм,средний,миддл,штат,Россия,удалёнка,рубли, ₽155 000,нет,,нет,,есть, ₽116 250
318,01.03.2018,4,Екомм,средний,миддл,штат,Россия,гибрид,рубли, ₽160 000,нет,,нет,,есть, ₽160 000
319,01.03.2018,4,Екомм,средний,миддл,штат,Россия,гибрид,рубли, ₽170 000,нет,,нет,,есть, ₽170 000
320,01.03.2018,4,Екомм,средний,джун,штат,Россия,гибрид,рубли, ₽90 000,нет,,нет,,есть, ₽90 000
419,01.03.2018,5,Екомм,маленький,миддл,штат,Россия,гибрид,рубли, ₽145 000,нет,,нет,,есть, ₽145 000
420,01.03.2018,5,Екомм,маленький,миддл,штат,Россия,гибрид,рубли, ₽145 000,нет,,нет,,есть, ₽145 000
421,01.03.2018,5,Екомм,маленький,джун,штат,Россия,удалёнка,рубли, ₽75 000,нет,,нет,,есть, ₽52 500
422,01.03.2018,5,Екомм,маленький,джун,штат,Россия,удалёнка,рубли, ₽75 000,нет,,нет,,есть, ₽52 500
433,01.03.2018,6,AI,маленький,тимлид,ИП,Сербия,удалёнка,криптовалююта, ₽420 000,нет,,да," ₽1 680 000,00",нет, ₽298 200
448,01.03.2018,7,AI,большой,миддл,штат,Кипр,Гибрид,евро, ₽230 000,нет,,нет,,есть, ₽230 000
449,01.03.2018,7,AI,большой,миддл,штат,Кипр,Гибрид,евро, ₽240 000,нет,,нет,,есть, ₽240 000
450,01.03.2018,7,AI,большой,миддл,штат,Кипр,Гибрид,евро, ₽250 000,нет,,нет,,есть, ₽250 000
451,01.03.2018,7,AI,большой,миддл,штат,Кипр,Гибрид,евро, ₽245 000,нет,,нет,,есть, ₽245 000
452,01.03.2018,7,AI,большой,миддл,штат,Кипр,Гибрид,евро, ₽225 000,нет,,нет,,есть, ₽225 000
453,01.03.2018,7,AI,большой,миддл,штат,Кипр,Гибрид,евро, ₽230 000,нет,,нет,,есть, ₽230 000
454,01.03.2018,7,AI,большой,миддл,штат,Кипр,Гибрид,евро, ₽240 000,нет,,нет,,есть, ₽240 000
484,01.03.2018,8,AI,маленький,миддл,штат,Кипр,удалёнка,евро, ₽250 000,нет,,нет,,есть, ₽175 000
524,01.03.2018,10,Dating,Средний,тимлид,штат,Россия,Гибрид,рубли, ₽300 000,нет,,да," ₽900 000,00",есть, ₽300 000
525,01.03.2018,10,Dating,Средний,миддл,штат,Россия,Гибрид,рубли, ₽200 000,нет,,нет,,есть, ₽200 000
79,01.11.2018,1,Госы,большой,миддл,штат,Россия,офис,рубли, ₽140 000,да, ₽161 000,нет,,есть, ₽140 000
80,01.11.2018,1,Госы,большой,сеньор,штат,Россия,офис,рубли, ₽185 000,да, ₽212 750,нет,,есть, ₽185 000
81,01.11.2018,1,Госы,большой,джун,штат,Россия,офис,рубли, ₽68 000,да, ₽78 200,нет,,есть, ₽68 000
82,01.11.2018,1,Госы,большой,джун,штат,Россия,офис,рубли, ₽68 000,да, ₽78 200,нет,,есть, ₽68 000
83,01.11.2018,1,Госы,большой,миддл,штат,Россия,офис,рубли, ₽135 000,да, ₽155 250,нет,,есть, ₽135 000
84,01.11.2018,1,Госы,большой,миддл,штат,Россия,офис,рубли, ₽135 000,да, ₽155 250,нет,,есть, ₽135 000
85,01.11.2018,1,Госы,большой,миддл,штат,Россия,офис,рубли, ₽120 000,да, ₽138 000,нет,,есть, ₽120 000
86,01.11.2018,1,Госы,большой,миддл,штат,Россия,офис,рубли, ₽125 000,да, ₽143 750,нет,,есть, ₽125 000
87,01.11.2018,1,Госы,большой,миддл,штат,Россия,офис,рубли, ₽150 000,да, ₽172 500,нет,,есть, ₽150 000
88,01.11.2018,1,Госы,большой,сеньор,штат,Россия,офис,рубли, ₽195 000,да, ₽224 250,нет,,есть, ₽195 000
89,01.11.2018,1,Госы,большой,миддл,штат,Россия,офис,рубли, ₽140 000,да, ₽161 000,нет,,есть, ₽140 000
90,01.11.2018,1,Госы,большой,сеньор,штат,Россия,офис,рубли, ₽190 000,да, ₽218 500,нет," ₽360 000,00",есть, ₽190 000
91,01.11.2018,1,Госы,большой,тимлид,штат,Россия,офис,рубли, ₽260 000,да, ₽299 000,да," ₽598 000,00",есть, ₽260 000
92,01.11.2018,1,Госы,большой,миддл,штат,Россия,офис,рубли, ₽140 000,да, ₽161 000,нет,,есть, ₽140 000
93,01.11.2018,1,Госы,большой,миддл,штат,Россия,офис,рубли, ₽135 000,да, ₽155 250,нет,,есть, ₽135 000
94,01.11.2018,1,Госы,большой,миддл,штат,Россия,офис,рубли, ₽140 000,да, ₽161 000,нет,,есть, ₽140 000
137,01.11.2018,2,Госы,Маленький,миддл,штат,Россия,офис,рубли, ₽150 000,да, ₽157 500,нет,,есть, ₽150 000
138,01.11.2018,2,Госы,Маленький,миддл,штат,Россия,офис,рубли, ₽155 000,да, ₽162 750,нет,,есть, ₽155 000
139,01.11.2018,2,Госы,Маленький,миддл,штат,Россия,офис,рубли, ₽150 000,да, ₽157 500,нет,,есть, ₽150 000
140,01.11.2018,2,Госы,Маленький,сеньор,штат,Россия,офис,рубли, ₽150 000,да, ₽157 500,нет,,есть, ₽150 000
141,01.11.2018,2,Госы,Маленький,миддл,штат,Россия,офис,рубли, ₽150 000,да, ₽157 500,нет,,есть, ₽150 000
142,01.11.2018,2,Госы,Маленький,миддл,штат,Россия,офис,рубли, ₽155 000,да, ₽162 750,нет,,есть, ₽155 000
143,01.11.2018,2,Госы,Маленький,миддл,штат,Россия,офис,рубли, ₽130 000,да, ₽136 500,нет,,есть, ₽130 000
144,01.11.2018,2,Госы,Маленький,джун,штат,Россия,офис,рубли, ₽63 000,да, ₽66 150,нет,,есть, ₽63 000
145,01.11.2018,2,Госы,Маленький,джун,штат,Россия,офис,рубли, ₽63 000,да, ₽66 150,нет,,есть, ₽63 000
146,01.11.2018,2,Госы,Маленький,миддл,штат,Россия,офис,рубли, ₽150 000,да, ₽157 500,нет,,есть, ₽150 000
147,01.11.2018,2,Госы,Маленький,миддл,штат,Россия,офис,рубли, ₽155 000,да, ₽162 750,нет,,есть, ₽155 000
148,01.11.2018,2,Госы,Маленький,миддл,штат,Россия,офис,рубли, ₽150 000,да, ₽157 500,нет,,есть, ₽150 000
267,01.11.2018,3,Екомм,большой,миддл,штат,Россия,офис,рубли, ₽185 000,нет,,нет,,есть, ₽185 000
268,01.11.2018,3,Екомм,большой,миддл,штат,Россия,офис,рубли, ₽180 000,нет,,нет,,есть, ₽180 000
269,01.11.2018,3,Екомм,большой,миддл,штат,Россия,офис,рубли, ₽190 000,нет,,нет,,есть, ₽190 000
270,01.11.2018,3,Екомм,большой,миддл,штат,Россия,офис,рубли, ₽175 000,нет,,нет,,есть, ₽175 000
271,01.11.2018,3,Екомм,большой,миддл,штат,Россия,офис,рубли, ₽150 000,нет,,нет,,есть, ₽150 000
272,01.11.2018,3,Екомм,большой,миддл,штат,Россия,офис,рубли, ₽155 000,нет,,нет,,есть, ₽155 000
273,01.11.2018,3,Екомм,большой,миддл,штат,Россия,офис,рубли, ₽190 000,нет,,нет,,есть, ₽190 000
274,01.11.2018,3,Екомм,большой,миддл,штат,Россия,офис,рубли, ₽185 000,нет,,нет,,есть, ₽185 000
275,01.11.2018,3,Екомм,большой,сеньор,штат,Россия,офис,рубли, ₽240 000,нет,,да," ₽600 000,00",есть, ₽240 000
276,01.11.2018,3,Екомм,большой,миддл,штат,Россия,офис,рубли, ₽180 000,нет,,нет,,есть, ₽180 000
277,01.11.2018,3,Екомм,большой,миддл,штат,Россия,офис,рубли, ₽190 000,нет,,нет,,есть, ₽190 000
278,01.11.2018,3,Екомм,большой,миддл,штат,Россия,офис,рубли, ₽175 000,нет,,нет,,есть, ₽175 000
279,01.11.2018,3,Екомм,большой,миддл,штат,Россия,офис,рубли, ₽150 000,нет,,нет,,есть, ₽150 000
280,01.11.2018,3,Екомм,большой,сеньор,штат,Россия,гибрид,рубли, ₽250 000,нет,,да," ₽625 000,00",есть, ₽250 000
281,01.11.2018,3,Екомм,большой,миддл,штат,Россия,гибрид,рубли, ₽190 000,нет,,нет,,есть, ₽190 000
282,01.11.2018,3,Екомм,большой,сеньор,штат,Россия,гибрид,рубли, ₽255 000,нет,,да," ₽637 500,00",есть, ₽255 000
283,01.11.2018,3,Екомм,большой,тимлид,штат,Россия,гибрид,рубли, ₽375 000,нет,,да," ₽1 125 000,00",есть, ₽375 000
284,01.11.2018,3,Екомм,большой,миддл,штат,Россия,гибрид,рубли, ₽185 000,нет,,нет,,есть, ₽185 000
285,01.11.2018,3,Екомм,большой,миддл,штат,Россия,гибрид,рубли, ₽180 000,нет,,нет,,есть, ₽180 000
397,01.11.2018,4,Екомм,средний,сеньор,Самозанятый,Россия,гибрид,рубли, ₽250 000,нет,,да," ₽375 000,00",нет, ₽200 000
398,01.11.2018,4,Екомм,средний,тимлид,Самозанятый,Россия,удалёнка,рубли, ₽350 000,нет,,да," ₽875 000,00",нет, ₽262 500
399,01.11.2018,4,Екомм,средний,миддл,Самозанятый,Россия,удалёнка,рубли, ₽165 000,нет,,нет,,нет, ₽123 750
400,01.11.2018,4,Екомм,средний,миддл,штат,Россия,гибрид,рубли, ₽170 000,нет,,нет,,есть, ₽170 000
401,01.11.2018,4,Екомм,средний,миддл,штат,Россия,гибрид,рубли, ₽170 000,нет,,нет,,есть, ₽170 000
402,01.11.2018,4,Екомм,средний,сеньор,штат,Россия,гибрид,рубли, ₽245 000,нет,,да," ₽367 500,00",есть, ₽245 000
403,01.11.2018,4,Екомм,средний,миддл,ГПХ,Россия,гибрид,рубли, ₽165 000,нет,,нет,,нет, ₽132 000
404,01.11.2018,4,Екомм,средний,миддл,ГПХ,Россия,гибрид,рубли, ₽160 000,нет,,нет,,нет, ₽136 000
405,01.11.2018,4,Екомм,средний,миддл,ГПХ,Россия,гибрид,рубли, ₽170 000,нет,,нет,,нет, ₽144 500
406,01.11.2018,4,Екомм,средний,джун,Самозанятый,Россия,гибрид,рубли, ₽100 000,нет,,нет,,нет, ₽85 000
407,01.11.2018,4,Екомм,средний,миддл,Самозанятый,Россия,гибрид,рубли, ₽160 000,нет,,нет,,нет, ₽136 000
408,01.11.2018,4,Екомм,средний,миддл,Самозанятый,Россия,удалёнка,рубли, ₽165 000,нет,,нет,,нет, ₽123 750
409,01.11.2018,4,Екомм,средний,миддл,Самозанятый,Россия,удалёнка,рубли, ₽170 000,нет,,нет,,нет, ₽127 500
410,01.11.2018,4,Екомм,средний,сеньор,Самозанятый,Россия,гибрид,рубли, ₽265 000,нет,,да," ₽397 500,00",нет, ₽225 250
411,01.11.2018,4,Екомм,средний,миддл,Самозанятый,Россия,гибрид,рубли, ₽170 000,нет,,нет,,нет, ₽144 500
478,01.11.2018,7,AI,большой,миддл,штат,Кипр,Гибрид,евро, ₽270 000,нет,,нет,,есть, ₽270 000
479,01.11.2018,7,AI,большой,миддл,штат,Кипр,Гибрид,евро, ₽250 000,нет,,нет,,есть, ₽250 000
480,01.11.2018,7,AI,большой,сеньор,штат,Кипр,Гибрид,евро, ₽360 000,нет,,да," ₽1 080 000,00",есть, ₽360 000
481,01.11.2018,7,AI,большой,джун,штат,Кипр,Гибрид,евро, ₽110 000,нет,,нет,,есть, ₽110 000
513,01.11.2018,9,Dating,Средний,сеньор,штат,Армения,Офис,Драмы, ₽175 000,нет,,нет,,есть, ₽175 000
514,01.11.2018,9,Dating,Средний,миддл,штат,Армения,Офис,Драмы, ₽95 000,нет,,нет,,есть, ₽95 000
515,01.11.2018,9,Dating,Средний,сеньор,штат,Армения,Офис,Драмы, ₽150 000,нет,,нет,,есть, ₽150 000
516,01.11.2018,9,Dating,Средний,тимлид,штат,Армения,Офис,Драмы, ₽280 000,нет,,да," ₽420 000,00",есть, ₽280 000
517,01.11.2018,9,Dating,Средний,миддл,штат,Армения,Офис,Драмы, ₽100 000,нет,,нет,,есть, ₽100 000
518,01.11.2018,9,Dating,Средний,миддл,штат,Армения,Офис,Драмы, ₽100 000,нет,,нет,,есть, ₽100 000
519,01.11.2018,9,Dating,Средний,миддл,штат,Армения,Офис,Драмы, ₽95 000,нет,,нет,,есть, ₽95 000
544,01.11.2018,10,Dating,Средний,миддл,самозанятый,Россия,Гибрид,рубли, ₽215 000,нет,,нет,,нет, ₽172 000
545,01.11.2018,10,Dating,Средний,миддл,самозанятый,Россия,Гибрид,рубли, ₽220 000,нет,,нет,,нет, ₽176 000
546,01.11.2018,10,Dating,Средний,сеньор,самозанятый,Россия,Гибрид,рубли, ₽140 000,нет,,нет,,нет, ₽112 000
547,01.11.2018,10,Dating,Средний,миддл,самозанятый,Россия,Гибрид,рубли, ₽215 000,нет,,нет,,нет, ₽172 000
68,01.10.2018,1,Госы,большой,миддл,штат,Россия,офис,рубли, ₽140 000,да, ₽154 000,нет,,есть, ₽140 000
69,01.10.2018,1,Госы,большой,миддл,штат,Россия,офис,рубли, ₽135 000,да, ₽148 500,нет,,есть, ₽135 000
70,01.10.2018,1,Госы,большой,миддл,штат,Россия,офис,рубли, ₽135 000,да, ₽148 500,нет,,есть, ₽135 000
71,01.10.2018,1,Госы,большой,миддл,штат,Россия,офис,рубли, ₽120 000,да, ₽132 000,нет,,есть, ₽120 000
72,01.10.2018,1,Госы,большой,миддл,штат,Россия,офис,рубли, ₽140 000,да, ₽154 000,нет,,есть, ₽140 000
73,01.10.2018,1,Госы,большой,сеньор,штат,Россия,офис,рубли, ₽170 000,да, ₽187 000,нет," ₽100 000,00",есть, ₽170 000
74,01.10.2018,1,Госы,большой,сеньор,штат,Россия,офис,рубли, ₽150 000,да, ₽165 000,нет," ₽30 000,00",есть, ₽150 000
75,01.10.2018,1,Госы,большой,миддл,штат,Россия,офис,рубли, ₽135 000,да, ₽148 500,нет,,есть, ₽135 000
76,01.10.2018,1,Госы,большой,тимлид,штат,Россия,офис,рубли, ₽300 000,да, ₽330 000,да," ₽660 000,00",есть, ₽300 000
77,01.10.2018,1,Госы,большой,тимлид,штат,Россия,офис,рубли, ₽305 000,да, ₽350 750,нет,,есть, ₽305 000
78,01.10.2018,1,Госы,большой,джун,штат,Россия,офис,рубли, ₽68 000,да, ₽78 200,нет,,есть, ₽68 000
131,01.10.2018,2,Госы,Маленький,миддл,штат,Россия,офис,рубли, ₽130 000,да, ₽136 500,нет,,есть, ₽130 000
132,01.10.2018,2,Госы,Маленький,миддл,штат,Россия,офис,рубли, ₽130 000,да, ₽136 500,нет,,есть, ₽130 000
133,01.10.2018,2,Госы,Маленький,сеньор,штат,Россия,офис,рубли, ₽155 000,да, ₽162 750,нет,,есть, ₽155 000
134,01.10.2018,2,Госы,Маленький,миддл,штат,Россия,офис,рубли, ₽130 000,да, ₽136 500,нет,,есть, ₽130 000
135,01.10.2018,2,Госы,Маленький,сеньор,штат,Россия,офис,рубли, ₽160 000,да, ₽168 000,нет,,есть, ₽160 000
136,01.10.2018,2,Госы,Маленький,тимлид,штат,Россия,офис,рубли, ₽220 000,да, ₽231 000,да," ₽346 500,00",есть, ₽220 000
244,01.10.2018,3,Екомм,большой,джун,штат,Россия,офис,рубли, ₽100 000,нет,,нет,,есть, ₽100 000
245,01.10.2018,3,Екомм,большой,джун,штат,Россия,офис,рубли, ₽100 000,нет,,нет,,есть, ₽100 000
246,01.10.2018,3,Екомм,большой,миддл,штат,Россия,офис,рубли, ₽190 000,нет,,нет,,есть, ₽190 000
247,01.10.2018,3,Екомм,большой,миддл,штат,Россия,офис,рубли, ₽185 000,нет,,нет,,есть, ₽185 000
248,01.10.2018,3,Екомм,большой,миддл,штат,Россия,офис,рубли, ₽180 000,нет,,нет,,есть, ₽180 000
249,01.10.2018,3,Екомм,большой,миддл,штат,Россия,офис,рубли, ₽190 000,нет,,нет,,есть, ₽190 000
250,01.10.2018,3,Екомм,большой,миддл,штат,Россия,офис,рубли, ₽175 000,нет,,нет,,есть, ₽175 000
251,01.10.2018,3,Екомм,большой,миддл,штат,Россия,офис,рубли, ₽150 000,нет,,нет,,есть, ₽150 000
252,01.10.2018,3,Екомм,большой,миддл,штат,Россия,офис,рубли, ₽155 000,нет,,нет,,есть, ₽155 000
253,01.10.2018,3,Екомм,большой,миддл,штат,Россия,офис,рубли, ₽190 000,нет,,нет,,есть, ₽190 000
254,01.10.2018,3,Екомм,большой,сеньор,штат,Россия,офис,рубли, ₽255 000,нет,,да," ₽637 500,00",есть, ₽255 000
255,01.10.2018,3,Екомм,большой,миддл,штат,Россия,офис,рубли, ₽185 000,нет,,нет,,есть, ₽185 000
256,01.10.2018,3,Екомм,большой,сеньор,штат,Россия,офис,рубли, ₽260 000,нет,,да," ₽650 000,00",есть, ₽260 000
257,01.10.2018,3,Екомм,большой,тимлид,штат,Россия,офис,рубли, ₽370 000,нет,,да," ₽1 110 000,00",есть, ₽370 000
258,01.10.2018,3,Екомм,большой,миддл,штат,Россия,офис,рубли, ₽180 000,нет,,нет,,есть, ₽180 000
259,01.10.2018,3,Екомм,большой,миддл,штат,Россия,офис,рубли, ₽190 000,нет,,нет,,есть, ₽190 000
260,01.10.2018,3,Екомм,большой,миддл,штат,Россия,офис,рубли, ₽175 000,нет,,нет,,есть, ₽175 000
261,01.10.2018,3,Екомм,большой,сеньор,штат,Россия,офис,рубли, ₽245 000,нет,,да," ₽612 500,00",есть, ₽245 000
262,01.10.2018,3,Екомм,большой,миддл,штат,Россия,офис,рубли, ₽150 000,нет,,нет,,есть, ₽150 000
263,01.10.2018,3,Екомм,большой,миддл,штат,Россия,офис,рубли, ₽155 000,нет,,нет,,есть, ₽155 000
264,01.10.2018,3,Екомм,большой,миддл,штат,Россия,офис,рубли, ₽190 000,нет,,нет,,есть, ₽190 000
265,01.10.2018,3,Екомм,большой,джун,штат,Россия,офис,рубли, ₽100 000,нет,,нет,,есть, ₽100 000
266,01.10.2018,3,Екомм,большой,джун,штат,Россия,офис,рубли, ₽100 000,нет,,нет,,есть, ₽100 000
385,01.10.2018,4,Екомм,средний,миддл,штат,Россия,гибрид,рубли, ₽155 000,нет,,нет,,есть, ₽155 000
386,01.10.2018,4,Екомм,средний,джун,штат,Россия,удалёнка,рубли, ₽95 000,нет,,нет,,есть, ₽71 250
387,01.10.2018,4,Екомм,средний,джун,штат,Россия,удалёнка,рубли, ₽100 000,нет,,нет,,есть, ₽75 000
388,01.10.2018,4,Екомм,средний,миддл,штат,Россия,гибрид,рубли, ₽160 000,нет,,нет,,есть, ₽160 000
389,01.10.2018,4,Екомм,средний,миддл,штат,Россия,гибрид,рубли, ₽165 000,нет,,нет,,есть, ₽165 000
390,01.10.2018,4,Екомм,средний,миддл,штат,Россия,гибрид,рубли, ₽170 000,нет,,нет,,есть, ₽170 000
391,01.10.2018,4,Екомм,средний,миддл,штат,Россия,гибрид,рубли, ₽170 000,нет,,нет,,есть, ₽170 000
392,01.10.2018,4,Екомм,средний,миддл,Самозанятый,Россия,гибрид,рубли, ₽165 000,нет,,нет,,нет, ₽132 000
393,01.10.2018,4,Екомм,средний,миддл,Самозанятый,Россия,гибрид,рубли, ₽160 000,нет,,нет,,нет, ₽128 000
394,01.10.2018,4,Екомм,средний,миддл,Самозанятый,Россия,гибрид,рубли, ₽170 000,нет,,нет,,нет, ₽136 000
395,01.10.2018,4,Екомм,средний,сеньор,Самозанятый,Россия,гибрид,рубли, ₽265 000,нет,,да," ₽397 500,00",нет, ₽212 000
396,01.10.2018,4,Екомм,средний,миддл,Самозанятый,Россия,гибрид,рубли, ₽160 000,нет,,нет,,нет, ₽128 000
428,01.10.2018,5,Екомм,маленький,миддл,ГПХ,Россия,удалёнка,рубли, ₽145 000,нет,,нет,,нет, ₽101 500
429,01.10.2018,5,Екомм,маленький,миддл,ГПХ,Россия,удалёнка,рубли, ₽165 000,нет,,нет,,нет, ₽115 500
430,01.10.2018,5,Екомм,маленький,сеньор,штат,Россия,удалёнка,рубли, ₽270 000,нет,,да," ₽270 000,00",есть, ₽189 000
437,01.10.2018,6,AI,маленький,сеньор,ИП,Сербия,удалёнка,криптовалююта, ₽320 000,нет,,да," ₽1 280 000,00",нет, ₽233 600
438,01.10.2018,6,AI,маленький,миддл,ИП,Сербия,удалёнка,криптовалююта, ₽200 000,нет,,нет,,нет, ₽146 000
439,01.10.2018,6,AI,маленький,миддл,ИП,Сербия,удалёнка,криптовалююта, ₽220 000,нет,,нет,,нет, ₽160 600
474,01.10.2018,7,AI,большой,миддл,штат,Кипр,Гибрид,евро, ₽240 000,нет,,нет,,есть, ₽240 000
475,01.10.2018,7,AI,большой,миддл,штат,Кипр,Гибрид,евро, ₽260 000,нет,,нет,,есть, ₽260 000
476,01.10.2018,7,AI,большой,джун,штат,Кипр,Гибрид,евро, ₽110 000,нет,,нет,,есть, ₽110 000
477,01.10.2018,7,AI,большой,миддл,штат,Кипр,Гибрид,евро, ₽265 000,нет,,нет,,есть, ₽265 000
488,01.10.2018,8,AI,маленький,миддл,штат,Кипр,удалёнка,евро, ₽260 000,нет,,нет,,есть, ₽210 600
489,01.10.2018,8,AI,маленький,миддл,штат,Кипр,удалёнка,евро, ₽260 000,нет,,нет,,есть, ₽210 600
490,01.10.2018,8,AI,маленький,сеньор,штат,Кипр,удалёнка,евро, ₽350 000,нет,,да," ₽700 000,00",есть, ₽283 500
491,01.10.2018,8,AI,маленький,миддл,штат,Кипр,удалёнка,евро, ₽280 000,нет,,нет,,есть, ₽226 800
492,01.10.2018,8,AI,маленький,сеньор,штат,Кипр,удалёнка,евро, ₽380 000,нет,,да," ₽760 000,00",есть, ₽307 800
493,01.10.2018,8,AI,маленький,тимлид,штат,Кипр,удалёнка,евро, ₽450 000,нет,,да," ₽2 250 000,00",есть, ₽364 500
508,01.10.2018,9,Dating,Средний,миддл,штат,Армения,Офис,Драмы, ₽95 000,нет,,нет,,есть, ₽95 000
509,01.10.2018,9,Dating,Средний,миддл,штат,Армения,Офис,Драмы, ₽100 000,нет,,нет,,есть, ₽100 000
510,01.10.2018,9,Dating,Средний,миддл,штат,Армения,Офис,Драмы, ₽100 000,нет,,нет,,есть, ₽100 000
511,01.10.2018,9,Dating,Средний,миддл,штат,Армения,Офис,Драмы, ₽95 000,нет,,нет,,есть, ₽95 000
512,01.10.2018,9,Dating,Средний,миддл,штат,Армения,Офис,Драмы, ₽110 000,нет,,нет,,есть, ₽110 000
540,01.10.2018,10,Dating,Средний,миддл,ИП,Армения,Гибрид,рубли, ₽210 000,нет,,нет,,нет, ₽151 200
541,01.10.2018,10,Dating,Средний,миддл,ИП,Армения,Гибрид,рубли, ₽190 000,нет,,нет,,нет, ₽136 800
542,01.10.2018,10,Dating,Средний,миддл,самозанятый,Россия,Гибрид,рубли, ₽200 000,нет,,нет,,нет, ₽160 000
543,01.10.2018,10,Dating,Средний,миддл,самозанятый,Россия,Гибрид,рубли, ₽210 000,нет,,нет,,нет, ₽168 000
55,01.09.2018,1,Госы,большой,миддл,штат,Россия,офис,рубли, ₽120 000,да, ₽132 000,нет,,есть, ₽120 000
56,01.09.2018,1,Госы,большой,миддл,штат,Россия,офис,рубли, ₽140 000,да, ₽154 000,нет,,есть, ₽140 000
57,01.09.2018,1,Госы,большой,миддл,штат,Россия,офис,рубли, ₽135 000,да, ₽148 500,нет,,есть, ₽135 000
58,01.09.2018,1,Госы,большой,миддл,штат,Россия,офис,рубли, ₽140 000,да, ₽154 000,нет,,есть, ₽140 000
59,01.09.2018,1,Госы,большой,миддл,штат,Россия,офис,рубли, ₽135 000,да, ₽148 500,нет,,есть, ₽135 000
60,01.09.2018,1,Госы,большой,сеньор,штат,Россия,офис,рубли, ₽180 000,да, ₽198 000,нет,,есть, ₽180 000
61,01.09.2018,1,Госы,большой,миддл,штат,Россия,офис,рубли, ₽135 000,да, ₽148 500,нет,,есть, ₽135 000
62,01.09.2018,1,Госы,большой,сеньор,штат,Россия,офис,рубли, ₽170 000,да, ₽187 000,нет," ₽360 000,00",есть, ₽170 000
63,01.09.2018,1,Госы,большой,тимлид,штат,Россия,офис,рубли, ₽250 000,да, ₽275 000,да," ₽550 000,00",есть, ₽250 000
64,01.09.2018,1,Госы,большой,миддл,штат,Россия,офис,рубли, ₽120 000,да, ₽132 000,нет,,есть, ₽120 000
65,01.09.2018,1,Госы,большой,миддл,штат,Россия,офис,рубли, ₽125 000,да, ₽137 500,нет,,есть, ₽125 000
66,01.09.2018,1,Госы,большой,миддл,штат,Россия,офис,рубли, ₽135 000,да, ₽148 500,нет,,есть, ₽135 000
67,01.09.2018,1,Госы,большой,сеньор,штат,Россия,офис,рубли, ₽190 000,да, ₽209 000,нет,,есть, ₽190 000
126,01.09.2018,2,Госы,Маленький,джун,штат,Россия,офис,рубли, ₽60 000,да, ₽63 000,нет,,есть, ₽60 000
127,01.09.2018,2,Госы,Маленький,джун,штат,Россия,офис,рубли, ₽63 000,да, ₽66 150,нет,,есть, ₽63 000
128,01.09.2018,2,Госы,Маленький,миддл,штат,Россия,офис,рубли, ₽125 000,да, ₽131 250,нет,,есть, ₽125 000
129,01.09.2018,2,Госы,Маленький,миддл,штат,Россия,офис,рубли, ₽150 000,да, ₽157 500,нет,,есть, ₽150 000
130,01.09.2018,2,Госы,Маленький,миддл,штат,Россия,офис,рубли, ₽130 000,да, ₽136 500,нет,,есть, ₽130 000
226,01.09.2018,3,Екомм,большой,миддл,штат,Россия,офис,рубли, ₽155 000,нет,,нет,,есть, ₽155 000
227,01.09.2018,3,Екомм,большой,миддл,штат,Россия,офис,рубли, ₽190 000,нет,,нет,,есть, ₽190 000
228,01.09.2018,3,Екомм,большой,джун,штат,Россия,офис,рубли, ₽100 000,нет,,нет,,есть, ₽100 000
229,01.09.2018,3,Екомм,большой,джун,штат,Россия,офис,рубли, ₽100 000,нет,,нет,,есть, ₽100 000
230,01.09.2018,3,Екомм,большой,миддл,штат,Россия,офис,рубли, ₽150 000,нет,,нет,,есть, ₽150 000
231,01.09.2018,3,Екомм,большой,миддл,штат,Россия,офис,рубли, ₽160 000,нет,,нет,,есть, ₽160 000
232,01.09.2018,3,Екомм,большой,миддл,штат,Россия,офис,рубли, ₽150 000,нет,,нет,,есть, ₽150 000
233,01.09.2018,3,Екомм,большой,миддл,штат,Россия,офис,рубли, ₽155 000,нет,,нет,,есть, ₽155 000
234,01.09.2018,3,Екомм,большой,миддл,штат,Россия,офис,рубли, ₽190 000,нет,,нет,,есть, ₽190 000
235,01.09.2018,3,Екомм,большой,сеньор,штат,Россия,офис,рубли, ₽240 000,нет,,да," ₽600 000,00",есть, ₽240 000
236,01.09.2018,3,Екомм,большой,тимлид,штат,Россия,офис,рубли, ₽370 000,нет,,да," ₽1 110 000,00",есть, ₽370 000
237,01.09.2018,3,Екомм,большой,миддл,штат,Россия,офис,рубли, ₽185 000,нет,,нет,,есть, ₽185 000
238,01.09.2018,3,Екомм,большой,миддл,штат,Россия,офис,рубли, ₽180 000,нет,,нет,,есть, ₽180 000
239,01.09.2018,3,Екомм,большой,миддл,штат,Россия,офис,рубли, ₽190 000,нет,,нет,,есть, ₽190 000
240,01.09.2018,3,Екомм,большой,сеньор,штат,Россия,офис,рубли, ₽250 000,нет,,да," ₽625 000,00",есть, ₽250 000
241,01.09.2018,3,Екомм,большой,миддл,штат,Россия,офис,рубли, ₽175 000,нет,,нет,,есть, ₽175 000
242,01.09.2018,3,Екомм,большой,миддл,штат,Россия,офис,рубли, ₽150 000,нет,,нет,,есть, ₽150 000
243,01.09.2018,3,Екомм,большой,миддл,штат,Россия,офис,рубли, ₽155 000,нет,,нет,,есть, ₽155 000
375,01.09.2018,4,Екомм,средний,миддл,ГПХ,Россия,гибрид,рубли, ₽155 000,нет,,нет,,нет, ₽124 000
376,01.09.2018,4,Екомм,средний,миддл,ГПХ,Россия,гибрид,рубли, ₽160 000,нет,,нет,,нет, ₽128 000
377,01.09.2018,4,Екомм,средний,миддл,ГПХ,Россия,гибрид,рубли, ₽170 000,нет,,нет,,нет, ₽136 000
378,01.09.2018,4,Екомм,средний,джун,ГПХ,Россия,удалёнка,рубли, ₽95 000,нет,,нет,,нет, ₽71 250
379,01.09.2018,4,Екомм,средний,миддл,ГПХ,Россия,удалёнка,рубли, ₽150 000,нет,,нет,,нет, ₽112 500
380,01.09.2018,4,Екомм,средний,миддл,ГПХ,Россия,гибрид,рубли, ₽155 000,нет,,нет,,нет, ₽124 000
381,01.09.2018,4,Екомм,средний,миддл,ГПХ,Россия,гибрид,рубли, ₽160 000,нет,,нет,,нет, ₽128 000
382,01.09.2018,4,Екомм,средний,сеньор,штат,Россия,гибрид,рубли, ₽245 000,нет,,да," ₽367 500,00",есть, ₽245 000
383,01.09.2018,4,Екомм,средний,миддл,штат,Россия,гибрид,рубли, ₽170 000,нет,,нет,,есть, ₽170 000
384,01.09.2018,4,Екомм,средний,миддл,штат,Россия,гибрид,рубли, ₽150 000,нет,,нет,,есть, ₽150 000
467,01.09.2018,7,AI,большой,миддл,штат,Кипр,Гибрид,евро, ₽240 000,нет,,нет,,есть, ₽240 000
468,01.09.2018,7,AI,большой,миддл,штат,Кипр,Гибрид,евро, ₽250 000,нет,,нет,,есть, ₽250 000
469,01.09.2018,7,AI,большой,миддл,штат,Кипр,Гибрид,евро, ₽245 000,нет,,нет,,есть, ₽245 000
470,01.09.2018,7,AI,большой,сеньор,штат,Кипр,Гибрид,евро, ₽355 000,нет,,да," ₽1 065 000,00",есть, ₽355 000
471,01.09.2018,7,AI,большой,миддл,штат,Кипр,Гибрид,евро, ₽225 000,нет,,нет,,есть, ₽225 000
472,01.09.2018,7,AI,большой,сеньор,штат,Кипр,Гибрид,евро, ₽360 000,нет,,да," ₽1 080 000,00",есть, ₽360 000
473,01.09.2018,7,AI,большой,миддл,штат,Кипр,Гибрид,евро, ₽230 000,нет,,нет,,есть, ₽230 000
536,01.09.2018,10,Dating,Средний,джун,ГПХ,Россия,Гибрид,рубли, ₽110 000,нет,,нет,,нет, ₽88 000
537,01.09.2018,10,Dating,Средний,миддл,ГПХ,Россия,Гибрид,рубли, ₽210 000,нет,,нет,,нет, ₽168 000
538,01.09.2018,10,Dating,Средний,миддл,ИП,Армения,Гибрид,рубли, ₽195 000,нет,,нет,,нет, ₽140 400
539,01.09.2018,10,Dating,Средний,миддл,ИП,Армения,Гибрид,рубли, ₽200 000,нет,,нет,,нет, ₽144 000
4,01.02.2018,1,Госы,большой,джун,штат,Россия,офис,рубли, ₽60 000,да, ₽66 000,нет,,есть, ₽60 000
5,01.02.2018,1,Госы,большой,джун,штат,Россия,офис,рубли, ₽60 000,да, ₽66 000,нет,,есть, ₽60 000
6,01.02.2018,1,Госы,большой,миддл,штат,Россия,офис,рубли, ₽120 000,да, ₽132 000,нет,,есть, ₽120 000
7,01.02.2018,1,Госы,большой,миддл,штат,Россия,офис,рубли, ₽120 000,да, ₽132 000,нет,,есть, ₽120 000
8,01.02.2018,1,Госы,большой,миддл,штат,Россия,офис,рубли, ₽120 000,да, ₽132 000,нет,,есть, ₽120 000
9,01.02.2018,1,Госы,большой,миддл,штат,Россия,офис,рубли, ₽120 000,да, ₽132 000,нет,,есть, ₽120 000
10,01.02.2018,1,Госы,большой,миддл,штат,Россия,офис,рубли, ₽120 000,да, ₽132 000,нет,,есть, ₽120 000
11,01.02.2018,1,Госы,большой,сеньор,штат,Россия,офис,рубли, ₽175 000,да, ₽192 500,нет,,есть, ₽175 000
12,01.02.2018,1,Госы,большой,миддл,штат,Россия,офис,рубли, ₽120 000,да, ₽132 000,нет,,есть, ₽120 000
13,01.02.2018,1,Госы,большой,сеньор,штат,Россия,офис,рубли, ₽180 000,да, ₽198 000,нет,,есть, ₽180 000
100,01.02.2018,2,Госы,Маленький,сеньор,штат,Россия,офис,рубли, ₽155 000,да, ₽159 650,нет," ₽30 000,00",есть, ₽155 000
101,01.02.2018,2,Госы,Маленький,миддл,штат,Россия,офис,рубли, ₽125 000,да, ₽128 750,нет,,есть, ₽125 000
102,01.02.2018,2,Госы,Маленький,миддл,штат,Россия,офис,рубли, ₽130 000,да, ₽133 900,нет,,есть, ₽130 000
103,01.02.2018,2,Госы,Маленький,сеньор,штат,Россия,офис,рубли, ₽160 000,да, ₽164 800,нет,,есть, ₽160 000
104,01.02.2018,2,Госы,Маленький,джун,штат,Россия,офис,рубли, ₽50 000,да, ₽51 500,нет,,есть, ₽50 000
105,01.02.2018,2,Госы,Маленький,джун,штат,Россия,офис,рубли, ₽50 000,да, ₽51 500,нет,,есть, ₽50 000
106,01.02.2018,2,Госы,Маленький,миддл,штат,Россия,офис,рубли, ₽120 000,да, ₽123 600,нет,,есть, ₽120 000
154,01.02.2018,3,Екомм,большой,сеньор,штат,Россия,офис,рубли, ₽220 000,нет,,нет,,есть, ₽220 000
155,01.02.2018,3,Екомм,большой,миддл,штат,Россия,офис,рубли, ₽160 000,нет,,нет,,есть, ₽160 000
156,01.02.2018,3,Екомм,большой,сеньор,штат,Россия,офис,рубли, ₽230 000,нет,,нет,,есть, ₽230 000
157,01.02.2018,3,Екомм,большой,тимлид,штат,Россия,офис,рубли, ₽350 000,нет,,да," ₽1 050 000,00",есть, ₽350 000
158,01.02.2018,3,Екомм,большой,миддл,штат,Россия,офис,рубли, ₽150 000,нет,,нет,,есть, ₽150 000
159,01.02.2018,3,Екомм,большой,миддл,штат,Россия,офис,рубли, ₽155 000,нет,,нет,,есть, ₽155 000
160,01.02.2018,3,Екомм,большой,миддл,штат,Россия,офис,рубли, ₽150 000,нет,,нет,,есть, ₽150 000
161,01.02.2018,3,Екомм,большой,сеньор,штат,Россия,офис,рубли, ₽235 000,нет,,нет,,есть, ₽235 000
162,01.02.2018,3,Екомм,большой,миддл,штат,Россия,офис,рубли, ₽155 000,нет,,нет,,есть, ₽155 000
163,01.02.2018,3,Екомм,большой,миддл,штат,Россия,офис,рубли, ₽150 000,нет,,нет,,есть, ₽150 000
164,01.02.2018,3,Екомм,большой,миддл,штат,Россия,офис,рубли, ₽160 000,нет,,нет,,есть, ₽160 000
165,01.02.2018,3,Екомм,большой,джун,штат,Россия,офис,рубли, ₽90 000,нет,,нет,,есть, ₽90 000
166,01.02.2018,3,Екомм,большой,джун,штат,Россия,офис,рубли, ₽90 000,нет,,нет,,есть, ₽90 000
167,01.02.2018,3,Екомм,большой,миддл,штат,Россия,офис,рубли, ₽150 000,нет,,нет,,есть, ₽150 000
168,01.02.2018,3,Екомм,большой,миддл,штат,Россия,офис,рубли, ₽155 000,нет,,нет,,есть, ₽155 000
169,01.02.2018,3,Екомм,большой,миддл,штат,Россия,офис,рубли, ₽150 000,нет,,нет,,есть, ₽150 000
170,01.02.2018,3,Екомм,большой,миддл,штат,Россия,офис,рубли, ₽155 000,нет,,нет,,есть, ₽155 000
294,01.02.2018,4,Екомм,средний,миддл,штат,Россия,гибрид,рубли, ₽170 000,нет,,нет,,есть, ₽170 000
295,01.02.2018,4,Екомм,средний,миддл,штат,Россия,гибрид,рубли, ₽150 000,нет,,нет,,есть, ₽150 000
296,01.02.2018,4,Екомм,средний,миддл,самозанятый,Россия,удалёнка,рубли, ₽155 000,нет,,нет,,нет, ₽119 350
297,01.02.2018,4,Екомм,средний,миддл,самозанятый,Россия,удалёнка,рубли, ₽160 000,нет,,нет,,нет, ₽123 200
298,01.02.2018,4,Екомм,средний,сеньор,самозанятый,Россия,удалёнка,рубли, ₽250 000,нет,,нет,,нет, ₽192 500
299,01.02.2018,4,Екомм,средний,миддл,самозанятый,Россия,удалёнка,рубли, ₽170 000,нет,,нет,,нет, ₽130 900
300,01.02.2018,4,Екомм,средний,сеньор,самозанятый,Россия,удалёнка,рубли, ₽250 000,нет,,нет,,нет, ₽192 500
301,01.02.2018,4,Екомм,средний,тимлид,штат,Россия,гибрид,рубли, ₽340 000,нет,,да," ₽850 000,00",есть, ₽340 000
302,01.02.2018,4,Екомм,средний,миддл,штат,Россия,гибрид,рубли, ₽150 000,нет,,нет,,есть, ₽150 000
303,01.02.2018,4,Екомм,средний,миддл,штат,Россия,гибрид,рубли, ₽155 000,нет,,нет,,есть, ₽155 000
304,01.02.2018,4,Екомм,средний,миддл,штат,Россия,удалёнка,рубли, ₽160 000,нет,,нет,,есть, ₽120 000
305,01.02.2018,4,Екомм,средний,сеньор,штат,Россия,удалёнка,рубли, ₽245 000,нет,,нет,,есть, ₽183 750
417,01.02.2018,5,Екомм,маленький,миддл,штат,Россия,удалёнка,рубли, ₽150 000,нет,,нет,,есть, ₽105 000
418,01.02.2018,5,Екомм,маленький,миддл,штат,Россия,гибрид,рубли, ₽155 000,нет,,нет,,есть, ₽155 000
431,01.02.2018,6,AI,маленький,миддл,ИП,Сербия,удалёнка,криптовалююта, ₽180 000,нет,,нет,,нет, ₽126 000
432,01.02.2018,6,AI,маленький,сеньор,ИП,Сербия,удалёнка,криптовалююта, ₽290 000,нет,,нет," ₽1 160 000,00",нет, ₽205 900
442,01.02.2018,7,AI,большой,миддл,штат,Кипр,Гибрид,евро, ₽200 000,нет,,нет,,есть, ₽200 000
443,01.02.2018,7,AI,большой,миддл,штат,Кипр,Гибрид,евро, ₽220 000,нет,,нет,,есть, ₽220 000
444,01.02.2018,7,AI,большой,миддл,штат,Кипр,Гибрид,евро, ₽225 000,нет,,нет,,есть, ₽225 000
445,01.02.2018,7,AI,большой,сеньор,штат,Кипр,Гибрид,евро, ₽300 000,нет,,нет," ₽900 000,00",есть, ₽300 000
446,01.02.2018,7,AI,большой,джун,штат,Кипр,Гибрид,евро, ₽90 000,нет,,нет,,есть, ₽90 000
447,01.02.2018,7,AI,большой,джун,штат,Кипр,Гибрид,евро, ₽90 000,нет,,нет,,есть, ₽90 000
482,01.02.2018,8,AI,маленький,джун,штат,Кипр,удалёнка,евро, ₽100 000,нет,,нет,,есть, ₽70 000
483,01.02.2018,8,AI,маленький,миддл,штат,Кипр,удалёнка,евро, ₽240 000,нет,,нет,,есть, ₽168 000
495,01.02.2018,9,Dating,Средний,сеньор,штат,Армения,Офис,Драмы, ₽220 000,нет,,нет,,есть, ₽220 000
496,01.02.2018,9,Dating,Средний,миддл,штат,Армения,Офис,Драмы, ₽100 000,нет,,нет,,есть, ₽100 000
497,01.02.2018,9,Dating,Средний,миддл,штат,Армения,Офис,Драмы, ₽95 000,нет,,нет,,есть, ₽95 000
498,01.02.2018,9,Dating,Средний,миддл,штат,Армения,Офис,Драмы, ₽110 000,нет,,нет,,есть, ₽110 000
499,01.02.2018,9,Dating,Средний,джун,штат,Армения,Офис,Драмы, ₽80 000,нет,,нет,,есть, ₽80 000
522,01.02.2018,10,Dating,Средний,миддл,штат,Россия,Гибрид,рубли, ₽190 000,нет,,нет,,есть, ₽190 000
523,01.02.2018,10,Dating,Средний,сеньор,штат,Россия,Гибрид,рубли, ₽190 000,нет,,нет,,есть, ₽190 000
1,01.01.2018,1,Госы,большой,джун,штат,Россия,офис,рубли, ₽60 000,да, ₽66 000,нет,,есть, ₽60 000
2,01.01.2018,1,Госы,большой,миддл,штат,Россия,офис,рубли, ₽120 000,да, ₽132 000,нет,,есть, ₽120 000
3,01.01.2018,1,Госы,большой,сеньор,штат,Россия,офис,рубли, ₽170 000,да, ₽187 000,нет,,есть, ₽170 000
99,01.01.2018,2,Госы,Маленький,сеньор,штат,Россия,офис,рубли, ₽150 000,да, ₽154 500,нет," ₽100 000,00",есть, ₽150 000
151,01.01.2018,3,Екомм,большой,миддл,штат,Россия,офис,рубли, ₽150 000,нет,,нет,,есть, ₽150 000
152,01.01.2018,3,Екомм,большой,миддл,штат,Россия,офис,рубли, ₽155 000,нет,,нет,,есть, ₽155 000
153,01.01.2018,3,Екомм,большой,миддл,штат,Россия,офис,рубли, ₽150 000,нет,,нет,,есть, ₽150 000
290,01.01.2018,4,Екомм,средний,миддл,штат,Россия,гибрид,рубли, ₽155 000,нет,,нет,,есть, ₽155 000
291,01.01.2018,4,Екомм,средний,джун,штат,Россия,гибрид,рубли, ₽90 000,нет,,нет,,есть, ₽90 000
292,01.01.2018,4,Екомм,средний,джун,штат,Россия,гибрид,рубли, ₽90 000,нет,,нет,,есть, ₽90 000
293,01.01.2018,4,Екомм,средний,миддл,штат,Россия,гибрид,рубли, ₽160 000,нет,,нет,,есть, ₽160 000
416,01.01.2018,5,Екомм,маленький,миддл,штат,Россия,удалёнка,рубли, ₽145 000,нет,,нет,,есть, ₽101 500
440,01.01.2018,7,AI,большой,миддл,штат,Кипр,Гибрид,евро, ₽190 000,нет,,нет,,есть, ₽190 000
441,01.01.2018,7,AI,большой,джун,штат,Кипр,Гибрид,евро, ₽90 000,нет,,нет,,есть, ₽90 000
494,01.01.2018,9,Dating,Средний,миддл,штат,Армения,Офис,Драмы, ₽110 000,нет,,нет,,есть, ₽110 000
521,01.01.2018,10,Dating,Средний,сеньор,штат,Россия,Гибрид,рубли, ₽180 000,нет,,нет,,есть, ₽180 000